{"cameraMode":{"drawMode":0,"name":"Shaded","section":"Shading Mode"},"sceneLighting":false,"audioPlay":false,"sceneViewState":{"showFog":false,"showMaterialUpdate":false,"showSkybox":false,"showFlares":false,"showImageEffects":false,"showParticleSystems":false},"in2DMode":false,"pivot":{"x":-0.23424029350280763,"y":-0.32382166385650637,"z":0.34790313243865969},"rotation":{"x":-0.13267403841018678,"y":0.8275787830352783,"z":-0.21998515725135804,"w":-0.4991167485713959},"size":4.207394599914551,"orthographic":false}